File Hash,File Paths
e3b0c44298fc1c149afbf4c8996fb92427ae41e4649b934ca495991b7852b855,requirements-security-python.txt; src/__init__.py; src/api/app/jobs/__init__.py; src/api/app/storage/__init__.py; src/api/app/auth/__init__.py; src/xorb_packages/xorb_common/shared/__init__.py; tests/__init__.py; tests/shared/__init__.py; tests/services/__init__.py; tests/unit/__init__.py; archive/legacy/20250814_084922/source/lib/python3.12/site-packages/pip-24.0.dist-info/REQUESTED; archive/legacy/20250814_084922/source/lib/python3.12/site-packages/pip/_vendor/resolvelib/compat/__init__.py; archive/legacy/20250814_084922/source/lib/python3.12/site-packages/pip/_vendor/chardet/cli/__init__.py; archive/legacy/20250814_084922/source/lib/python3.12/site-packages/pip/_vendor/chardet/metadata/__init__.py; archive/legacy/20250814_084922/source/lib/python3.12/site-packages/pip/_vendor/urllib3/packages/__init__.py; archive/legacy/20250814_084922/source/lib/python3.12/site-packages/pip/_vendor/urllib3/packages/backports/__init__.py; archive/legacy/20250814_084922/source/lib/python3.12/site-packages/pip/_vendor/urllib3/contrib/__init__.py; archive/legacy/20250814_084922/source/lib/python3.12/site-packages/pip/_vendor/urllib3/contrib/_securetransport/__init__.py; archive/legacy/20250814_084922/source/lib/python3.12/site-packages/pip/_internal/resolution/__init__.py; archive/legacy/20250814_084922/source/lib/python3.12/site-packages/pip/_internal/resolution/legacy/__init__.py; archive/legacy/20250814_084922/source/lib/python3.12/site-packages/pip/_internal/resolution/resolvelib/__init__.py; archive/legacy/20250814_084922/source/lib/python3.12/site-packages/pip/_internal/utils/__init__.py; archive/legacy/20250814_084922/source/lib/python3.12/site-packages/pip/_internal/operations/__init__.py; services/xorb-core/api/app/jobs/__init__.py; services/xorb-core/api/app/storage/__init__.py; services/xorb-core/api/app/auth/__init__.py; sdks/python/README.md; sdks/go/README.md; tools/security/secret_report.json; tools/security/secret_report.md
74f31cd6bde155c7c9104c57744d24accc037d12aa48dfe2058baff27005b3d8,requirements.txt; requirements-unified.lock
a9762b671690ee85986bb5d073c27aad1e1b9348c97ed5e0deea1c43f26ddb28,src/api/CLEAN_ARCHITECTURE_REFACTORING_SUMMARY.md; services/xorb-core/api/CLEAN_ARCHITECTURE_REFACTORING_SUMMARY.md
9918fc78e1b362b402eacff65f31b6998b1d622e2859ea1075527c6464d10226,src/api/db_management.py; services/xorb-core/api/db_management.py
a9973382f6a6d07b2441b9740121165ef40b5cdf8fef491968752d050d204f48,src/api/requirements.txt; src/orchestrator/requirements.txt; src/services/worker/requirements.txt; services/xorb-core/api/requirements.txt; services/xorb-core/orchestrator/requirements.txt
d3a2d14d37c15fbc3e4ab63b23eabde77fddf7a704b3e50f1107dec8569d8dc9,src/api/gateway.py; services/xorb-core/api/gateway.py
84c9ac8924c81c844db89da0c9a1c66bcb2c79bbc60785b2f2edb8fc92674045,src/api/dependencies.py; services/xorb-core/api/dependencies.py
87ded36428234a2661f821008a7b983a1e64394c73dbf3e57df8b2d2ea681cc2,src/api/Dockerfile; services/xorb-core/api/Dockerfile
cd625f0b73148f8e15fb29c7ffeb4292fb22d08893d0a834cda95df83a2ea1c2,src/api/entrypoint.sh; services/xorb-core/api/entrypoint.sh
ff69d7385cfaae70c8be5723e2271d992d1f6a888dbebfd0f857082d43fe07f7,src/api/README.md; services/xorb-core/api/README.md
c6d115dee029913f2b730f1da8e749022f7ff9e3bc1aefdbd046895140a483de,src/api/alembic.ini; services/xorb-core/api/alembic.ini
b7cb8cf900837e4b548f0895d7f0faf477237e63f3a8bd0fb0f641d6b2a7fefd,src/api/pyproject.toml; services/xorb-core/api/pyproject.toml
d8793c5d89811109764a8eba954384d94b41c26aa047831bccb525a5cb646ea7,src/api/tests/test_auth.py; services/xorb-core/api/tests/test_auth.py
63ee7031738d81fd7e0db7b6fa1d441f7b43e715cfbf3c75aa46a696bbf89471,src/api/tests/test_multitenancy.py; services/xorb-core/api/tests/test_multitenancy.py
59ce5ed43660e10430c5fd6c8654c4a1d800e1b4605d184621db2c495e2e031b,src/api/tests/test_storage.py; services/xorb-core/api/tests/test_storage.py
4b8aad4aa7ae88b66249a9f20a1b10492fc80b38ef40226b6a97df15fceac482,src/api/tests/test_integration.py; services/xorb-core/api/tests/test_integration.py
316da2328a3f69d0956ed76335da1b3e31ed75c0adf173b0090a38e317f539e9,src/api/tests/test_performance.py; services/xorb-core/api/tests/test_performance.py
56a21d473566e8b0ab8558fd5fa7a4c262e1825c6147837959096813a80a8822,src/api/tests/test_jobs.py; services/xorb-core/api/tests/test_jobs.py
9c44919ad58d92592b0e3e8593b3ba704715bb8d6961dbed535e569a6efcda6d,src/api/tests/test_security_enhancements.py; services/xorb-core/api/tests/test_security_enhancements.py
7bc3a17f60c45566e41aca59b6dd842729607bf2160ce8b4d383065945883199,src/api/app/dependencies.py; services/xorb-core/api/app/dependencies.py
756e2854f1f09399a59805d00bd39d1eb7ba452d5b8f5b0c52ac2b71e068850e,src/api/app/__init__.py; services/xorb-core/api/app/__init__.py
dd46bbc9ff9351bd9c4fa29f50ac3237b5551e5b10744a23ed5e1bdea4e20d31,src/api/app/deps.py; services/xorb-core/api/app/deps.py
7605b2f39a6b406c315dcd6486e025f928c991dc381e381f30d1d71bfebf8c83,src/api/app/marketplace/api_marketplace.py; services/xorb-core/api/app/marketplace/api_marketplace.py
f8ae71dc2110113559826021b4736d7406bf91f62390e95a825950ba1002f204,src/api/app/jobs/service.py; services/xorb-core/api/app/jobs/service.py
0d2e5c82dcb8cba09863cbafe5781035f849fc4b8efa602195c6e6d4ffca7f75,src/api/app/jobs/queue.py; services/xorb-core/api/app/jobs/queue.py
a842d2724fb4e4de964203c96b9191824aee08a2aa13d60f6d7d5d78f493e09a,src/api/app/jobs/worker.py; services/xorb-core/api/app/jobs/worker.py
8103431e0592ee3613e4157ae2c3eedd8460024161f58e481f2f2f14ad8429ba,src/api/app/jobs/models.py; services/xorb-core/api/app/jobs/models.py
6fe317026ab4aa52dcd401e9485c3224af7dd43bb9bb1cf2d5d2edddf5b30881,src/api/app/storage/filesystem.py; services/xorb-core/api/app/storage/filesystem.py
fe2342f02644f3ea6ddd44bb76d5d22aaa1a1be71a14606f79ba62cefd66c57b,src/api/app/storage/interface.py; services/xorb-core/api/app/storage/interface.py
c68acf4eb18cf0ab11b069bd962731df32d854765b1c0c27acad4cd013a1a3c6,src/api/app/storage/s3.py; services/xorb-core/api/app/storage/s3.py
1775d17d6f2c39b38afd4c3d9942cdc49a6c5f7f0ec11c4a4f0e171dce6d7c75,src/api/app/storage/validation.py; services/xorb-core/api/app/storage/validation.py
07e60d35043d634d00bb5d7b58ed5a5109aa87459be6d26fe631e47eda97e797,src/api/app/repositories/evidence_repository.py; services/xorb-core/api/app/repositories/evidence_repository.py
c84bb279bc7e18b1680ea536d1f0ddec55aba71b9410dfdbbcce177c5e3b2569,src/api/app/infrastructure/ai_response_orchestrator.py; services/xorb-core/api/app/infrastructure/ai_response_orchestrator.py
4864bd94a32d68149e4077bc4a15dbefd4455eba976974c6ea01ac12546c4040,src/api/app/infrastructure/observability.py; services/xorb-core/api/app/infrastructure/observability.py
81e50aaac2ea66634b9ce4e0ee16efe6b4e47d29fe575903fcc50e8c2d827af0,src/api/app/infrastructure/ml_model_manager.py; services/xorb-core/api/app/infrastructure/ml_model_manager.py
75d1c6bbd4a170e959d34b2511ac53d25ccbe6d1c689cf3c14a9684d0c25d7d0,src/api/app/infrastructure/__init__.py; services/xorb-core/api/app/infrastructure/__init__.py
50e2e1a930ac60714ba616d16c6c5166af68809cceb6cf4ba60c577cf12ce0b9,src/api/app/infrastructure/vector_store.py; services/xorb-core/api/app/infrastructure/vector_store.py
836a7f8ff6ee877b8f41671732a517c0ee0f9df23bccb8f513472378d87fb606,src/api/app/routers/knowledge.py; services/xorb-core/api/app/routers/knowledge.py
69ae4fef0feb0441fd0f979f8bd2c040f43bcd39f23aaa4896e67be34093895b,src/api/app/routers/discovery.py; services/xorb-core/api/app/routers/discovery.py
8d3f400cc8a5b6e7b5195c8834418a9144f8e45810b67fa28a63658c35fc77f1,src/api/app/routers/storage.py; services/xorb-core/api/app/routers/storage.py
4feb69dff8ac52e40a27dd93159a34849f370dfca74319f96dc73f049abb28c0,src/api/app/routers/gamification.py; services/xorb-core/api/app/routers/gamification.py
f362e15355169ad407d2b2c5600d021b59c6ec0486017f1c9afd9d993967323b,src/api/app/routers/vectors.py; services/xorb-core/api/app/routers/vectors.py
2a5f397fa7c6c54148fb3126e2ebe394d5ea5294742f700cbdd0af29798e696a,src/api/app/routers/agents.py; services/xorb-core/api/app/routers/agents.py
aadaead9642b60319434653243af36ea0686fba1ad95152acf471ef5860fcff8,src/api/app/routers/__init__.py; services/xorb-core/api/app/routers/__init__.py
3c165028ad274eb8fd5cdd7bc8103d26200e0457fb669a94ffaf37e65bb0e0cc,src/api/app/routers/compliance.py; services/xorb-core/api/app/routers/compliance.py
df4fdd25591f580a8c24568600941d2671515fe51849b8d2305ff885ddd69a3a,src/api/app/routers/orchestration.py; services/xorb-core/api/app/routers/orchestration.py
e418943b9428d443f48888624f56743d3a64cd1b18d058a9569ba8637d78cb07,src/api/app/routers/jobs.py; services/xorb-core/api/app/routers/jobs.py
df09c2a1b4256134f7b34f6c05ec50ce4686b94f5df5d269f10d27b3adf1a597,src/api/app/routers/swarm.py; services/xorb-core/api/app/routers/swarm.py
11ed4e81472bf6691a6b3519a717189a2ffdf55f466a649f831fc40a1a0f5b1c,src/api/app/routers/health.py; services/xorb-core/api/app/routers/health.py
fbf87b625b6556efa0cbf7fb9a72658d61411f80ec77aa29ca8e0185415589de,src/api/app/routers/embeddings.py; services/xorb-core/api/app/routers/embeddings.py
1e48adbb72d302276e63003108d5932d800a5e1c55d4a2f9fcc908c35b4c0d2f,src/api/app/routers/security_ops.py; services/xorb-core/api/app/routers/security_ops.py
078d0328c4e1c2bc814d7e676286f5ae46bd6aa26598d24387938e80d95c11da,src/api/app/auth/dependencies.py; services/xorb-core/api/app/auth/dependencies.py
74469c80c46b7ba10c377722d258ec6a058b6fac36f6a490c8aac80eb078fd13,src/api/app/auth/oidc.py; services/xorb-core/api/app/auth/oidc.py
fd4fc31fc86cfbb9b80b1c825719fb36bdc4c071cc7847643bb75d75e5503650,src/api/app/auth/routes.py; services/xorb-core/api/app/auth/routes.py
324c49f76c710ae5d7455283121a053b3a0859b87f643ee40e62ab3b2fe883c5,src/api/app/auth/models.py; services/xorb-core/api/app/auth/models.py
3015a869fd5216a10df3104f079ffddddc908089b628e1b0430a1177604eac1f,src/api/app/security/api_security.py; services/xorb-core/api/app/security/api_security.py
e248df61d5eda57ea13ad2da0f1ff9612affcf8ca7b2aebb74166132a4e88912,src/api/app/security/file_upload.py; services/xorb-core/api/app/security/file_upload.py
05c501db32147b0ffb7363ff8ec3f0f399123bd8b39547d85864b68af486ff45,src/api/app/security/input_validation.py; services/xorb-core/api/app/security/input_validation.py
b8571d9b5142575fcd99a189f84ba34df7e76c7fdf9b753354d30d864400067e,src/api/app/controllers/base.py; services/xorb-core/api/app/controllers/base.py
06878439fce154d74d466f4b33c8d9517946e2909e9e657f6d8c4653b17450c9,src/api/app/controllers/__init__.py; services/xorb-core/api/app/controllers/__init__.py
938eed21f22f6a3eda4a12c26112f38e0c7bf66b7e3cbef92fa1007adee28cd0,src/api/app/controllers/discovery_controller.py; services/xorb-core/api/app/controllers/discovery_controller.py
182013bffaed1c108aab833b2ebb2887872118eafc73ae2a3e268152fb6269f1,src/api/app/controllers/embedding_controller.py; services/xorb-core/api/app/controllers/embedding_controller.py
ac1f6acd314637245202a1acae3ddcdbefe1a38e99d2f9cd5c1fe662f26db7c1,src/api/app/controllers/auth_controller.py; services/xorb-core/api/app/controllers/auth_controller.py
0926da78a2c51a84a8812c1028cb45f6570e94bfc2ef30ae53f73fea7704c459,src/api/app/services/mfa_service.py; services/xorb-core/api/app/services/mfa_service.py
c2d03c10e9ccc46ad0c7a712d58f6d682cdbc73452518deb2bbabea6ad3fa722,src/api/app/services/discovery_service.py; services/xorb-core/api/app/services/discovery_service.py
88271b6ab86cfecdb5e0560975c24ac9dff490e625dc049923e5d3af94727e80,src/api/app/services/tenant_service.py; services/xorb-core/api/app/services/tenant_service.py
a7e3d77be644e63f6a6486e972a53a6994a4e513b913e97a4c8bf145a1c024b7,src/api/app/services/__init__.py; services/xorb-core/api/app/services/__init__.py
1c74bbc070f3b309cc723af0009349af1a4c4d7676186b7582833bac0173a1c1,src/api/app/domain/entities.py; services/xorb-core/api/app/domain/entities.py
ab5800dc5a555e01bd9897414e9f88d9df3d22ca44513d708aac0569f794c67a,src/api/app/domain/value_objects.py; services/xorb-core/api/app/domain/value_objects.py
aac75fb2058b42d162864772a53bb0f4731b8ebce75d583d2a2b0acc167099b7,src/api/app/domain/__init__.py; services/xorb-core/api/app/domain/__init__.py
e2ad0567f3f125b9b38be2e6d3b54e5e61571d690a7bf1831d201c8209056591,src/api/app/domain/exceptions.py; services/xorb-core/api/app/domain/exceptions.py
2ef734b766d37f6e91a772fd5b1a09c7809cd21869fd183ae6a5634d98e88424,src/api/app/middleware/advanced_rate_limiter.py; services/xorb-core/api/app/middleware/advanced_rate_limiter.py
75a083197b50bb4bcc895828c490468eaf4058643261a30aa1597a0bbf7a4d70,src/api/app/middleware/error_handling.py; services/xorb-core/api/app/middleware/error_handling.py
bf528885c8f924781a6622405a068462e011fa724a47c54456193170b3e3db5f,src/api/app/middleware/tenant_context.py; services/xorb-core/api/app/middleware/tenant_context.py
ff22021b6930c06d162599c6c0f4547ec449e77606a59417b1fd2f357e440c6d,src/api/app/middleware/request_id.py; services/xorb-core/api/app/middleware/request_id.py
3576c50a640fd6273796cf102f62dc7d98bf0662d2ec4dff3fa28d23f3c36c4e,src/api/app/middleware/audit_logging.py; services/xorb-core/api/app/middleware/audit_logging.py
26edac71233e5be249dacba942f5489e93da90df2cae1d21721dc6d0451cae65,src/api/migrations/env.py; services/xorb-core/api/migrations/env.py
1cd95fdba048d71bd02a3894a239e3d7904fad551f555afcd483a096225ff377,src/api/migrations/script.py.mako; services/xorb-core/api/migrations/script.py.mako
f4accac6d1a3d4e2cda86a11d2668eb6f9d002da8ad963586faed0c7681b990c,src/api/migrations/versions/002_database_security_setup.py; services/xorb-core/api/migrations/versions/002_database_security_setup.py
1baeda730ae6d463d604c523bd17d24695b4b3d93fe3175e9c39d3145b2a5c8b,src/api/migrations/versions/001_add_tenant_isolation.py; services/xorb-core/api/migrations/versions/001_add_tenant_isolation.py
2ae8547c1acc6b4622a53ffb390742b5c9f51511a6b92f6199bb98af7d9e9dfc,src/api/migrations/versions/004_gamification.py; services/xorb-core/api/migrations/versions/004_gamification.py
e49749f5d7dcf78348c835d90dc7c02187caca1e79c06067b3ce15e9587f9692,src/api/migrations/versions/002_create_tenant_tables.py; services/xorb-core/api/migrations/versions/002_create_tenant_tables.py
99cd53731abdf951f27adc30b1b1a984646ca97adf1239ad96408308508c5bab,src/api/migrations/versions/004_performance_optimization.py; services/xorb-core/api/migrations/versions/004_performance_optimization.py
57774cd5e4c3bd2820974f6b65469320f8fd9ac6ae18ff883a15f27fbab951db,src/api/migrations/versions/001_initial_multitenant_schema.py; services/xorb-core/api/migrations/versions/001_initial_multitenant_schema.py
a489987af2a96c74875438b28929ea6821bbe9947e28d0a21e17906c6a75a64d,src/api/migrations/versions/003_add_pgvector_support.py; services/xorb-core/api/migrations/versions/003_add_pgvector_support.py
8b417ddc8e0fc1d523bbf40ad462329307e7c7117c27cf31afefbb22c37dcc20,src/api/migrations/versions/005_hnsw_index.py; services/xorb-core/api/migrations/versions/005_hnsw_index.py
a79d262d96c3e40fff62d7497e47cf09f9cbd251d2adb64b7a39e5f926697d50,src/api/migrations/versions/003_pgvector_threat_intelligence.py; services/xorb-core/api/migrations/versions/003_pgvector_threat_intelligence.py
bd26b7a0026b773942d727d88ad229960629d096de3046a514ef538478aba848,src/api/middleware/rate_limiting.py; services/xorb-core/api/middleware/rate_limiting.py
797cf4a3d42fd7d6f40f460a1c7db096d0a44b68f83c8c078cfe8aabe93b6ea9,src/xorb/intelligence/vulnerability_correlation_engine.py; services/xorb-core/intelligence/vulnerability_correlation_engine.py
247863823dfa956d44d8bc1738eb05abc3bb68d25d45830317ccfea611c1fef3,src/xorb/security/testing.py; services/xorb-core/security/testing.py
f3acbf55c1a93619877e554acaf5c747a26b2c89f9681b034aa06d69393ddba3,src/xorb/security/audit.py; services/xorb-core/security/audit.py
2072fec40224eae3f4260a388efa135918499c6ee5a2469da7e65267682057f2,src/xorb/security/ci_integration.py; services/xorb-core/security/ci_integration.py
697976e1e518fa4e71733c26ae25dc57b7c2a36812ee360a7fa07659abba51bb,src/xorb/security/canary.py; services/xorb-core/security/canary.py
0e1cf7e7d2768672724095ef4d4700b6ccd16b436a0a5c6cd09c62b365dc71eb,src/xorb/security/headers.py; services/xorb-core/security/headers.py
aa3570d17a2dd24555bea4568148c8c7054ffaa951633f848bb4b4abf508866a,src/xorb/security/chaos.py; services/xorb-core/security/chaos.py
7a7ea55377a964840b94db7484198f1c067dc81fefce4769aeb7195a0e2f49f3,src/xorb/security/zero_trust.py; services/xorb-core/security/zero_trust.py
8f10dccbd0fed14ec4441c109d6a7795bf9960cf88c7a57789b8105415277ca7,src/xorb/security/monitoring.py; services/xorb-core/security/monitoring.py
3dcd6c85ad3ca1013ee5a91d5b55c178b2d8670fb2d28a04869fa223128e57fb,src/orchestrator/__init__.py; services/xorb-core/orchestrator/__init__.py
9ed46c74b06f6ce57f7e830639e58d4402e86d4ca671abd9279e44d524fb53e1,src/orchestrator/Dockerfile; services/xorb-core/orchestrator/Dockerfile
57110eca6f5400a26712c387268cd31a72a325a1737e1aa6ae4a738e52d1294d,src/orchestrator/README.md; services/xorb-core/orchestrator/README.md
0c27a6a825bf43079d1fe5e7f7d554f2d44a1e5e2a32a8e04df664e10ead674b,src/orchestrator/main.py; services/xorb-core/orchestrator/main.py
724807b350f4f8ee371bc1213a17a3e6aa97b8502a14582a0b612832a0ae4eff,src/orchestrator/api/workflow_api.py; services/xorb-core/orchestrator/api/workflow_api.py
66cf0c086f1820675861a407a435eee5023ba877d52c7414bd01dc8ad5ca6f83,src/orchestrator/storage/redis_storage.py; services/xorb-core/orchestrator/storage/redis_storage.py
895e497494c6aad5d82cdc94194f54cf80c902ddbf1d000c7b665f4817257259,src/orchestrator/core/base_classes.py; services/xorb-core/orchestrator/core/base_classes.py
b4d828ee9fc58cfab7fdf9e22bab008620d3e62582d23da13ec6d6caff9c6dc0,src/orchestrator/core/base_orchestrator.py; services/xorb-core/orchestrator/core/base_orchestrator.py
fe10a33bd9eca5a4e5286079b94bd8269f36b8bfe266a090cfb5b3ebd2dc8bf0,src/orchestrator/executors/notification_executor.py; services/xorb-core/orchestrator/executors/notification_executor.py
22163a6787da895b5da6ed196d06fb0a1e54615d851210fde8985a1848f2ba28,src/orchestrator/executors/vulnerability_scan_executor.py; services/xorb-core/orchestrator/executors/vulnerability_scan_executor.py
914c9dd7b8f442f6a9727cd64c1868e46e62ffb3305dbaf7929baa85f471dc42,src/orchestrator/executors/compliance_check_executor.py; services/xorb-core/orchestrator/executors/compliance_check_executor.py
0987d59c006b6c730f42286168764219a2fb64203befd71d258db0760cae0433,src/common/unified_config.py; archive/legacy/20250814_084922/packages/common/unified_config.py
83da266faa143bb5ec1534a1472e8a355206dae826de52c89322d8142b7165b6,src/common/config.py; archive/legacy/20250814_084922/packages/common/config.py
5208e01c320b29b92daedf7f456bc29e5c417160bf8af731aac18e4d54cb10e3,src/common/encryption.py; archive/legacy/20250814_084922/packages/common/encryption.py
6b6875fdeaed366c62595fba71a5e23861f3a050c8982cf5655cbb001ce86ef2,src/common/vault_manager.py; archive/legacy/20250814_084922/packages/common/vault_manager.py
eca9d16e5feb31fc1ab098ce9292d490cbe2db6805651b5dd86756baf6b274a6,src/common/secret_manager.py; archive/legacy/20250814_084922/packages/common/secret_manager.py
72e14064c3d4cf9e2f17ccf39faf236ff288dfe9651bf2e46a29bd2a5b169458,src/common/__init__.py; archive/legacy/20250814_084922/packages/common/__init__.py
074effee7b403f04b898bf61ac854795a00197a728494f1118d3e6e2983eff4a,src/common/config_manager.py; archive/legacy/20250814_084922/packages/common/config_manager.py
9994e040f7157399d56835b76adf13898ec249e5dde9f6d67b2467f3426231bb,src/common/jwt_manager.py; archive/legacy/20250814_084922/packages/common/jwt_manager.py
4fcf57e5936691085b8b62538eb6d278cf678d3698c64f94670ff7bc44141751,src/common/performance_monitor.py; archive/legacy/20250814_084922/packages/common/performance_monitor.py
62f2014a90d63973bc2075b765746ee2dad00388d52e589cdc6719d8b03053e1,src/common/backup_system.py; archive/legacy/20250814_084922/packages/common/backup_system.py
d1f476678ff3a985bc9fc5c099c26f97ddd4b4825c024638584e01356a9c940a,src/common/vault_client.py; archive/legacy/20250814_084922/packages/common/vault_client.py
7f4b350fd1a7f3745989188fe55b5ad8c1f7ccf1e2eedf45d4d3ce90173655e2,src/common/centralized_config.py; archive/legacy/20250814_084922/packages/common/centralized_config.py
85064dbf164140b3fd02452cf313fa36fb56ff0e36d7c7985ac2edeed78315b6,src/common/security_utils.py; archive/legacy/20250814_084922/packages/common/security_utils.py
2845674b3fae665f5f6c3f01674fefa4e495f15f5d755ee8f7f1a40575abdc8a,archive/legacy/20250814_084922/source/bin/python3; archive/legacy/20250814_084922/source/bin/python; archive/legacy/20250814_084922/source/bin/python3.12
d38105f6e11add41c160ba181c10f1c7e3371b6daad279bbc2f39075075d4bbf,archive/legacy/20250814_084922/source/bin/pip3; archive/legacy/20250814_084922/source/bin/pip3.12; archive/legacy/20250814_084922/source/bin/pip
ceebae7b8927a3227e5303cf5e0f1f7b34bb542ad7250ac03fbcde36ec2f1508,archive/legacy/20250814_084922/source/lib/python3.12/site-packages/pip-24.0.dist-info/top_level.txt; archive/legacy/20250814_084922/source/lib/python3.12/site-packages/pip-24.0.dist-info/INSTALLER
d7ce0c1f09bfae765c2709fae9ace77ca419b00e7eb8b25482d4abdba877ee21,infra/vault/vault-dev-config.hcl; services/infrastructure/vault/vault-dev-config.hcl
1ec754113002f8c08e62e3dcb6185f79c64af5209834eba95b997dc0dd600641,infra/vault/init-vault.sh; services/infrastructure/vault/init-vault.sh
556a9ed7fae7b35232e79aee8b3805b2ba7fd40253e7e71025a3af244d67273a,infra/vault/setup-vault-dev.sh; services/infrastructure/vault/setup-vault-dev.sh
bf6c1ae5b372447bcb4b5455dca7d20372f5d6104d95b0b4871ed8bd2957c020,infra/monitoring/prometheus.yml; services/infrastructure/monitoring/prometheus.yml
21753d4e3f7bdb04e61934bdc5a64167ab704eee426374fba5d7a0e25f54ccc0,infra/monitoring/alertmanager.yml; services/infrastructure/monitoring/alertmanager.yml
0e7de73e6af13f4598605a2af4811986f800572622581989fdc7d80099dad3df,infra/monitoring/blackbox.yml; services/infrastructure/monitoring/blackbox.yml
2d31dd7da965fc73339967e59cdc3f21a43b0ad67b9b5a7dcbbfc523dbc50545,infra/monitoring/grafana/grafana-dashboard-ptaas.json; services/infrastructure/monitoring/grafana/grafana-dashboard-ptaas.json
452fa26e742ed2ec21ef8c395d742e92a066ed8ca85f5f6104e277d7a62e9d85,infra/monitoring/grafana/datasources/prometheus.yml; services/infrastructure/monitoring/grafana/datasources/prometheus.yml
71802ce18d7d3073af10b1b232a29c95ac12820d8a5b7002f5019d39e1fa4fee,infra/monitoring/grafana/dashboards/dashboard-config.yml; services/infrastructure/monitoring/grafana/dashboards/dashboard-config.yml
7cfc139f7f9e49dd939a6b7d752907ac54bff307e83979761917a79a208246bb,infra/monitoring/grafana/dashboards/json/xorb-overview.json; services/infrastructure/monitoring/grafana/dashboards/json/xorb-overview.json
